{
    "accuracy": [
        0.17103984951972961,
        0.19339163601398468,
        0.20408163964748383,
        0.21574343740940094,
        0.20894071459770203,
        0.24684159457683563,
        0.295432448387146,
        0.29154518246650696,
        0.30612245202064514,
        0.3576287627220154,
        0.34888240694999695,
        0.3828960061073303,
        0.3780369162559509,
        0.40621963143348694,
        0.3790087401866913,
        0.4305150508880615,
        0.442176878452301,
        0.45869776606559753,
        0.4829931855201721,
        0.49368318915367126,
        0.5354713201522827,
        0.5170068144798279,
        0.5296404361724854,
        0.556851327419281,
        0.589893102645874,
        0.590864896774292,
        0.6394557952880859,
        0.6540330648422241,
        0.6783284544944763,
        0.6997084617614746,
        0.7006802558898926,
        0.7210884094238281,
        0.7210884094238281,
        0.7823129296302795,
        0.7648202180862427,
        0.7920311093330383,
        0.7891156673431396,
        0.8104956150054932
    ],
    "val_accuracy": [
        0.1705426424741745,
        0.1666666716337204,
        0.1860465109348297,
        0.19767442345619202,
        0.25193798542022705,
        0.27519381046295166,
        0.25968992710113525,
        0.302325576543808,
        0.3255814015865326,
        0.3372093141078949,
        0.3139534890651703,
        0.2868216931819916,
        0.3333333432674408,
        0.3372093141078949,
        0.3449612259864807,
        0.3798449635505676,
        0.39147287607192993,
        0.42635658383369446,
        0.39147287607192993,
        0.44961240887641907,
        0.43410852551460266,
        0.44573643803596497,
        0.44961240887641907,
        0.3720930218696594,
        0.41860464215278625,
        0.44573643803596497,
        0.3720930218696594,
        0.5038759708404541,
        0.43023255467414856,
        0.5116279125213623,
        0.4728682041168213,
        0.44961240887641907,
        0.4728682041168213,
        0.5310077667236328,
        0.4883720874786377,
        0.5232558250427246,
        0.44186046719551086,
        0.5077519416809082
    ],
    "loss": [
        2.2396247386932373,
        1.8750959634780884,
        1.8439635038375854,
        1.8043341636657715,
        1.7838879823684692,
        1.7328088283538818,
        1.6740883588790894,
        1.6398541927337646,
        1.6055277585983276,
        1.5674424171447754,
        1.5360187292099,
        1.4888218641281128,
        1.4827028512954712,
        1.422793984413147,
        1.440303087234497,
        1.3815686702728271,
        1.350960373878479,
        1.310953974723816,
        1.2300786972045898,
        1.2353225946426392,
        1.1796282529830933,
        1.1638010740280151,
        1.148972511291504,
        1.0717512369155884,
        1.0524585247039795,
        1.0062237977981567,
        0.9270530939102173,
        0.886809766292572,
        0.8372851610183716,
        0.7941411137580872,
        0.7345036864280701,
        0.7202396988868713,
        0.7113194465637207,
        0.6132691502571106,
        0.6205885410308838,
        0.5312735438346863,
        0.5486890077590942,
        0.5229666233062744
    ],
    "val_loss": [
        1.8196429014205933,
        1.8231972455978394,
        1.8911302089691162,
        1.7716349363327026,
        1.7284784317016602,
        1.7302531003952026,
        1.6590194702148438,
        1.5455862283706665,
        1.574066162109375,
        1.5257568359375,
        1.5398313999176025,
        1.5285338163375854,
        1.5499858856201172,
        1.466274380683899,
        1.604717493057251,
        1.4748671054840088,
        1.5545417070388794,
        1.4742640256881714,
        1.4645556211471558,
        1.3205101490020752,
        1.362896203994751,
        1.3820043802261353,
        1.4628796577453613,
        1.4269263744354248,
        1.4639972448349,
        1.3449796438217163,
        1.775356650352478,
        1.289275050163269,
        1.584679365158081,
        1.3551733493804932,
        1.4010807275772095,
        1.4346461296081543,
        1.4635995626449585,
        1.4125970602035522,
        1.4653606414794922,
        1.516860842704773,
        1.4142160415649414,
        1.5344122648239136
    ],
    "training_time": 360.762957572937,
    "epochs": 50,
    "batch_size": 8
}